City_ID,City,Country,Date,Lat,Lng,Max Temp,Humidity,Cloudiness,Wind Speed
0,Dakar,SN,2022-02-04 03:28:24,14.6937,-17.4441,70.68,83,0,2.3
1,Padang,ID,2022-02-04 03:29:55,-0.9492,100.3543,84.25,70,92,2.55
2,Eyrarbakki,IS,2022-02-04 03:32:29,63.863,-21.1481,28.45,74,38,24.49
3,Jalu,LY,2022-02-04 03:32:29,29.0331,21.5482,49.32,63,6,12.06
4,Vaini,TO,2022-02-04 03:32:29,-21.2,-175.2,86.16,79,75,10.36
5,Ushuaia,AR,2022-02-04 03:31:14,-54.8,-68.3,42.46,70,75,18.41
6,Avera,US,2022-02-04 03:32:30,33.194,-82.5271,69.75,78,100,15.39
7,Atuona,PF,2022-02-04 03:32:30,-9.8,-139.0333,78.96,71,3,17.87
8,Punta Arenas,CL,2022-02-04 03:28:56,-53.15,-70.9167,42.91,61,75,10.36
9,Rikitea,PF,2022-02-04 03:32:31,-23.1203,-134.9692,78.22,74,100,17.02
10,Avarua,CK,2022-02-04 03:32:31,-21.2078,-159.775,82.45,78,75,16.11
11,Abomsa,ET,2022-02-04 03:32:32,9.9833,39.9833,63.1,43,38,3.65
12,Cape Town,ZA,2022-02-04 03:28:28,-33.9258,18.4232,62.28,72,0,4.0
13,Albany,US,2022-02-04 03:30:09,42.6001,-73.9662,38.32,91,100,3.0
14,Wanning,CN,2022-02-04 03:32:32,18.8003,110.3967,66.63,85,100,12.19
15,Cloquet,US,2022-02-04 03:32:33,46.7216,-92.4594,0.37,67,40,0.0
16,Mogadishu,SO,2022-02-04 03:27:45,2.0371,45.3438,74.98,80,8,18.16
17,Barra Patuca,HN,2022-02-04 03:32:33,15.8,-84.2833,75.49,87,3,9.01
18,Kahului,US,2022-02-04 03:32:34,20.8947,-156.47,79.86,65,0,17.27
19,Whitehorse,CA,2022-02-04 03:32:33,60.7161,-135.0538,-6.83,77,100,4.61
20,Mar Del Plata,AR,2022-02-04 03:32:34,-38.0023,-57.5575,69.1,94,95,0.0
21,New Norfolk,AU,2022-02-04 03:32:35,-42.7826,147.0587,73.76,35,3,3.0
22,Port Lincoln,AU,2022-02-04 03:32:35,-34.7333,135.8667,68.34,55,37,14.23
23,Nouadhibou,MR,2022-02-04 03:32:35,20.931,-17.0347,69.78,37,21,9.22
24,Forestville,US,2022-02-04 03:32:36,38.8451,-76.875,59.25,89,100,20.71
25,Qaanaaq,GL,2022-02-04 03:29:06,77.484,-69.3632,-13.45,56,99,8.46
26,Meulaboh,ID,2022-02-04 03:32:36,4.1363,96.1285,84.0,65,87,3.04
27,Bluff,NZ,2022-02-04 03:32:36,-46.6,168.3333,52.81,84,100,5.46
28,Linxia,CN,2022-02-04 03:32:37,35.6003,103.2064,22.05,66,85,2.48
29,East London,ZA,2022-02-04 03:32:37,-33.0153,27.9116,67.14,82,0,10.36
30,Bredasdorp,ZA,2022-02-04 03:32:38,-34.5322,20.0403,58.32,77,100,3.44
31,Tautira,PF,2022-02-04 03:32:38,-17.7333,-149.15,86.02,77,44,15.05
32,Jamestown,US,2022-02-04 03:30:05,42.097,-79.2353,22.08,69,100,8.99
33,Kavieng,PG,2022-02-04 03:30:12,-2.5744,150.7967,83.73,71,64,6.93
34,Adrar,MR,2022-02-04 03:32:39,20.5022,-10.0711,59.36,22,0,9.95
35,Verkhnevilyuysk,RU,2022-02-04 03:32:39,63.4453,120.3167,-14.98,95,63,3.24
36,Simao,CN,2022-02-04 03:32:40,22.7886,100.9748,68.27,31,0,3.22
37,Cabo San Lucas,MX,2022-02-04 03:28:31,22.8909,-109.9124,67.51,58,20,8.05
38,Victoria,HK,2022-02-04 03:31:53,22.2855,114.1577,58.32,76,63,3.0
39,Ribeira Grande,PT,2022-02-04 03:32:40,38.5167,-28.7,58.44,75,100,18.05
40,Hemnesberget,NO,2022-02-04 03:32:41,66.2333,13.6333,24.67,90,100,16.08
41,Impfondo,CG,2022-02-04 03:32:41,1.6381,18.0667,66.04,60,90,2.24
42,Vao,NC,2022-02-04 03:31:26,-22.6667,167.4833,75.29,92,100,3.94
43,Busselton,AU,2022-02-04 03:29:06,-33.65,115.3333,101.05,33,57,15.95
44,Arraial Do Cabo,BR,2022-02-04 03:32:42,-22.9661,-42.0278,75.45,91,100,7.83
45,Butaritari,KI,2022-02-04 03:33:42,3.0707,172.7902,81.79,77,17,15.19
46,Rosarito,MX,2022-02-04 03:30:47,32.3333,-117.0333,57.09,31,0,4.83
47,Roros,NO,2022-02-04 03:33:43,62.5747,11.3842,24.64,80,100,18.41
48,Tiksi,RU,2022-02-04 03:33:36,71.6872,128.8694,-11.81,100,100,6.02
49,Belmopan,BZ,2022-02-04 03:33:43,17.25,-88.7667,77.31,99,9,3.02
50,Northam,GB,2022-02-04 03:33:44,51.0333,-4.2167,51.03,94,100,24.45
51,Isangel,VU,2022-02-04 03:32:38,-19.55,169.2667,86.11,84,100,6.91
52,Torbay,CA,2022-02-04 03:33:44,47.6666,-52.7314,38.75,90,100,24.16
53,Pemba,MZ,2022-02-04 03:33:44,-12.974,40.5178,75.9,94,75,6.91
54,Okhotsk,RU,2022-02-04 03:33:45,59.3833,143.3,10.81,74,83,14.92
55,Vardo,NO,2022-02-04 03:29:07,70.3705,31.1107,26.58,62,100,13.06
56,Mareeba,AU,2022-02-04 03:33:45,-17.0,145.4333,83.12,92,100,4.07
57,Bereda,ES,2022-02-04 03:33:45,43.2686,-7.5406,50.0,93,100,2.73
58,Lorengau,PG,2022-02-04 03:33:42,-2.0226,147.2712,84.43,62,100,9.15
59,Port Alfred,ZA,2022-02-04 03:33:46,-33.5906,26.891,69.84,75,98,15.48
60,Baijiantan,CN,2022-02-04 03:33:46,45.6333,85.1833,7.43,83,82,3.31
61,Balykshi,KZ,2022-02-04 03:33:47,47.0667,51.8667,35.6,80,100,22.37
62,Morozovsk,RU,2022-02-04 03:33:47,48.3539,41.8261,34.39,98,100,8.93
63,Sao Mateus,BR,2022-02-04 03:33:47,-18.7161,-39.8589,74.26,95,100,2.13
64,Dikson,RU,2022-02-04 03:29:01,73.5069,80.5464,-7.19,94,100,5.55
65,Chokurdakh,RU,2022-02-04 03:33:48,70.6333,147.9167,-27.42,100,61,0.31
66,The Pas,CA,2022-02-04 03:30:17,53.8251,-101.2541,-16.58,69,0,9.22
67,Saint-Georges,GD,2022-02-04 03:29:20,12.0564,-61.7485,76.68,83,20,5.75
68,Mocuba,MZ,2022-02-04 03:33:48,-16.8392,36.9856,71.78,93,75,2.48
69,Kenora,CA,2022-02-04 03:31:37,49.8167,-94.4337,-5.82,64,100,8.05
70,Corrientes,AR,2022-02-04 03:33:49,-27.4806,-58.8341,76.96,88,0,3.44
71,Villefranche-De-Rouergue,FR,2022-02-04 03:33:49,44.3333,2.0,42.04,95,100,0.51
72,Kapaa,US,2022-02-04 03:33:49,22.0752,-159.319,76.12,67,0,1.01
73,Kumluca,TR,2022-02-04 03:33:50,36.3703,30.2869,50.68,71,99,7.92
74,Bubaque,GW,2022-02-04 03:33:50,11.2833,-15.8333,77.02,71,0,8.81
75,Sorland,NO,2022-02-04 03:33:50,67.667,12.6934,24.46,91,100,29.21
76,Serenje,ZM,2022-02-04 03:33:51,-13.2325,30.2352,62.19,99,100,4.41
77,Beidao,CN,2022-02-04 03:33:51,34.5686,105.8933,28.99,74,95,2.46
78,Harper,LR,2022-02-04 03:33:52,4.375,-7.7169,77.18,85,16,2.17
79,Lons-Le-Saunier,FR,2022-02-04 03:33:52,46.75,5.75,41.13,95,9,4.76
80,Sibolga,ID,2022-02-04 03:33:52,1.7427,98.7792,83.88,68,55,2.75
81,Geraldton,AU,2022-02-04 03:33:52,-28.7667,114.6,108.01,9,0,10.36
82,Saint George,US,2022-02-04 03:33:11,37.1041,-113.5841,40.24,31,0,1.99
83,San Vicente,AR,2022-02-04 03:33:53,-26.6167,-54.1333,68.4,100,100,2.06
84,Pidhorodne,UA,2022-02-04 03:33:53,48.5753,35.1068,29.44,94,100,11.97
85,Hilo,US,2022-02-04 03:29:01,19.7297,-155.09,74.93,80,100,9.22
86,Caravelas,BR,2022-02-04 03:30:15,-17.7125,-39.2481,76.03,91,98,3.98
87,Lata,PT,2022-02-04 03:33:54,40.1629,-8.3327,48.07,97,98,1.1
88,Cherskiy,RU,2022-02-04 03:33:54,68.75,161.3,-30.35,99,13,2.53
89,Copiapo,CL,2022-02-04 03:33:55,-27.3667,-70.3333,65.48,64,0,1.61
90,Pevek,RU,2022-02-04 03:33:55,69.7008,170.3133,-20.11,100,26,2.93
91,Sitka,US,2022-02-04 03:33:10,57.0531,-135.33,46.29,81,100,24.16
92,Kannur,IN,2022-02-04 03:32:10,11.8675,75.3576,78.53,67,13,5.03
93,Beringovskiy,RU,2022-02-04 03:34:55,63.05,179.3167,-0.42,79,100,18.1
94,Mahebourg,MU,2022-02-04 03:34:56,-20.4081,57.7,81.25,94,75,20.71
95,Mount Isa,AU,2022-02-04 03:31:13,-20.7333,139.5,85.77,32,100,13.8
96,Rocha,UY,2022-02-04 03:34:57,-34.4833,-54.3333,70.23,97,100,7.58
97,Norman Wells,CA,2022-02-04 03:34:57,65.282,-126.8329,-43.56,66,0,0.0
98,Cidreira,BR,2022-02-04 03:34:57,-30.1811,-50.2056,75.52,90,88,20.33
99,Iqaluit,CA,2022-02-04 03:34:58,63.7506,-68.5145,-7.87,59,75,6.91
100,Los Llanos De Aridane,ES,2022-02-04 03:33:18,28.6585,-17.9182,61.12,64,0,7.0
101,Hermanus,ZA,2022-02-04 03:34:58,-34.4187,19.2345,60.91,72,93,9.89
102,Port Elizabeth,ZA,2022-02-04 03:34:58,-33.918,25.5701,66.49,77,0,12.66
103,Mataura,NZ,2022-02-04 03:34:59,-46.1927,168.8643,52.48,99,100,2.26
104,Grindavik,IS,2022-02-04 03:34:59,63.8424,-22.4338,28.87,69,75,25.32
105,Kalevala,RU,2022-02-04 03:34:59,65.2,31.1667,-3.86,100,86,1.68
106,Longyearbyen,SJ,2022-02-04 03:35:00,78.2186,15.6401,15.64,73,75,6.91
107,Hambantota,LK,2022-02-04 03:30:19,6.1241,81.1185,80.94,89,20,2.3
108,Clyde River,CA,2022-02-04 03:35:01,70.4692,-68.5914,-7.37,84,100,34.52
109,Nikolskoye,RU,2022-02-04 03:32:24,59.7035,30.7861,-0.09,100,100,2.84
110,Bethel,US,2022-02-04 03:35:01,41.3712,-73.414,49.77,92,100,6.91
111,Airai,TL,2022-02-04 03:35:01,-8.9266,125.4092,73.83,61,78,5.08
112,Rudbar,AF,2022-02-04 03:35:02,30.15,62.6,51.76,29,0,2.06
113,Saskylakh,RU,2022-02-04 03:35:02,71.9167,114.0833,-14.08,98,100,2.1
114,Nago,JP,2022-02-04 03:35:02,26.5881,127.9761,62.67,85,100,18.12
115,Quang Ngai,VN,2022-02-04 03:34:05,15.1167,108.8,73.26,80,93,9.62
116,Puyang,CN,2022-02-04 03:35:03,29.4603,119.8861,39.25,94,100,2.3
117,Ouegoa,NC,2022-02-04 03:35:03,-20.35,164.4333,84.29,79,99,8.37
118,Lasem,ID,2022-02-04 03:35:03,-6.6922,111.4527,82.54,73,98,3.6
119,Arbagar,RU,2022-02-04 03:35:04,51.9438,116.2805,-6.92,81,11,0.87
120,Pangody,RU,2022-02-04 03:35:04,65.85,74.4859,6.42,97,95,6.33
121,Bambous Virieux,MU,2022-02-04 03:35:04,-20.3428,57.7575,81.21,94,75,20.71
122,Canutama,BR,2022-02-04 03:35:05,-6.5339,-64.3831,72.95,98,100,1.45
123,Castro,BR,2022-02-04 03:31:14,-24.7911,-50.0119,64.17,98,100,4.05
124,Hobart,AU,2022-02-04 03:30:20,-42.8794,147.3294,74.12,46,20,1.99
125,Tasiilaq,GL,2022-02-04 03:32:23,65.6145,-37.6368,12.36,58,83,5.75
126,Henties Bay,NA,2022-02-04 03:35:06,-22.116,14.2845,65.86,88,5,6.96
127,Kyenjojo,UG,2022-02-04 03:35:06,0.6328,30.6214,63.09,61,99,1.23
128,Takab,IR,2022-02-04 03:35:07,36.4009,47.1133,24.28,80,39,1.48
129,Namtsy,RU,2022-02-04 03:35:07,62.7161,129.6658,-18.29,90,99,6.15
130,Pemangkat,ID,2022-02-04 03:35:07,1.1667,108.9667,81.79,75,100,8.03
131,Saint-Philippe,RE,2022-02-04 03:35:07,-21.3585,55.7679,80.15,92,100,32.3
132,Kodiak,US,2022-02-04 03:35:08,57.79,-152.4072,38.71,81,100,17.27
133,Sisimiut,GL,2022-02-04 03:35:08,66.9395,-53.6735,10.26,76,88,27.36
134,Hami,CN,2022-02-04 03:35:08,42.8,93.45,25.57,31,12,0.83
135,Reyes,BO,2022-02-04 03:35:09,-14.3167,-67.3833,74.32,90,55,3.6
136,Barrow,US,2022-02-04 03:35:09,71.2906,-156.7887,-25.58,91,100,0.0
137,Washington,US,2022-02-04 03:30:18,47.5001,-120.5015,43.93,97,97,1.77
138,San Patricio,US,2022-02-04 03:35:10,28.017,-97.5169,35.83,75,74,16.15
139,Espanola,US,2022-02-04 03:35:10,35.9911,-106.0806,19.38,82,86,2.53
140,Richards Bay,ZA,2022-02-04 03:36:10,-28.783,32.0377,75.63,94,96,13.94
141,Vila Franca Do Campo,PT,2022-02-04 03:36:11,37.7167,-25.4333,60.19,81,100,11.54
142,Kloulklubed,PW,2022-02-04 03:36:11,7.0419,134.2556,86.5,72,24,18.79
143,Pitkyaranta,RU,2022-02-04 03:36:11,61.5734,31.4792,-6.0,100,99,3.76
144,Nyurba,RU,2022-02-04 03:36:12,63.2842,118.3319,-17.91,97,89,2.91
145,Lebu,CL,2022-02-04 03:33:56,-37.6167,-73.65,59.38,93,11,13.18
146,Tuktoyaktuk,CA,2022-02-04 03:33:36,69.4541,-133.0374,-23.8,76,75,8.05
147,Atar,MR,2022-02-04 03:36:12,20.5169,-13.0499,64.8,16,0,6.69
148,Sur,OM,2022-02-04 03:36:12,22.5667,59.5289,70.2,43,0,2.93
149,Boffa,GN,2022-02-04 03:36:13,10.1667,-14.0333,71.51,91,0,4.68
150,Mehamn,NO,2022-02-04 03:36:13,71.0357,27.8492,18.09,84,85,12.44
151,Hithadhoo,MV,2022-02-04 03:36:13,-0.6,73.0833,81.73,74,100,10.11
152,Neuquen,AR,2022-02-04 03:36:14,-38.9516,-68.0591,71.49,56,0,11.5
153,Navirai,BR,2022-02-04 03:36:14,-23.065,-54.1906,72.21,95,100,10.16
154,Lompoc,US,2022-02-04 03:36:14,34.6391,-120.4579,53.92,80,0,0.0
155,Lodja,CD,2022-02-04 03:36:14,-3.4833,23.4333,67.28,92,100,1.5
156,Salalah,OM,2022-02-04 03:36:15,17.0151,54.0924,66.29,77,0,3.44
157,Rasht,IR,2022-02-04 03:36:15,37.2808,49.5832,42.62,100,0,4.61
158,Puerto Ayora,EC,2022-02-04 03:31:24,-0.7393,-90.3518,75.54,93,7,4.0
159,San Policarpo,PH,2022-02-04 03:32:28,12.1791,125.5072,75.94,84,100,10.63
160,Tuatapere,NZ,2022-02-04 03:36:16,-46.1333,167.6833,52.83,91,100,4.23
161,Chipinge,ZW,2022-02-04 03:36:16,-20.1883,32.6236,66.56,76,18,2.35
162,Bosobolo,CD,2022-02-04 03:36:16,4.1833,19.9,71.24,37,69,2.93
163,El Seibo,DO,2022-02-04 03:36:17,18.7641,-69.0375,71.13,94,32,5.86
164,Beaune,FR,2022-02-04 03:36:17,47.0833,4.75,38.62,91,73,5.26
165,Aitape,PG,2022-02-04 03:36:17,-3.1374,142.3475,85.24,65,44,7.23
166,Yellowknife,CA,2022-02-04 03:31:33,62.456,-114.3525,-28.44,75,0,5.75
167,Urumqi,CN,2022-02-04 03:32:04,43.801,87.6005,-1.25,85,75,2.24
168,Katsuura,JP,2022-02-04 03:36:18,35.1333,140.3,42.91,74,100,9.95
169,Aguada De Pasajeros,CU,2022-02-04 03:36:18,22.385,-80.8508,73.54,85,0,10.25
170,Aklavik,CA,2022-02-04 03:36:19,68.2191,-135.0107,-24.88,98,17,7.34
171,Lagoa,PT,2022-02-04 03:35:38,39.05,-27.9833,57.67,76,100,11.3
172,Sioux Lookout,CA,2022-02-04 03:36:19,50.1001,-91.917,-9.02,76,75,2.3
173,Ilulissat,GL,2022-02-04 03:32:26,69.2167,-51.1,23.02,50,100,11.5
174,North Platte,US,2022-02-04 03:36:20,41.1239,-100.7654,12.09,62,0,5.75
175,Mao,ES,2022-02-04 03:36:20,39.8885,4.2658,50.56,100,0,3.44
176,Puerto El Triunfo,SV,2022-02-04 03:36:20,13.2833,-88.55,71.76,83,1,5.19
177,Salisbury,GB,2022-02-04 03:36:20,51.0693,-1.7957,50.65,88,75,11.5
178,Norsup,VU,2022-02-04 03:36:21,-16.0667,167.3833,76.89,96,100,9.82
179,San Pedro,PH,2022-02-04 03:36:21,14.35,121.0167,88.32,59,20,4.61
180,Faanui,PF,2022-02-04 03:36:21,-16.4833,-151.75,81.32,71,2,15.26
181,Egvekinot,RU,2022-02-04 03:36:22,66.3167,-179.1667,-7.29,73,1,17.96
182,Newport,GB,2022-02-04 03:31:31,51.5877,-2.9984,51.17,87,100,22.79
183,Namibe,AO,2022-02-04 03:36:22,-15.1961,12.1522,70.29,78,14,4.85
184,Serrinha,BR,2022-02-04 03:36:23,-11.6642,-39.0075,71.02,92,77,6.15
185,Kondinskoye,RU,2022-02-04 03:36:23,59.6481,67.41,23.7,95,100,9.33
186,Thompson,CA,2022-02-04 03:36:23,55.7435,-97.8558,-20.04,69,0,5.75
187,Bengkulu,ID,2022-02-04 03:35:11,-3.8004,102.2655,80.4,76,97,2.73
188,Pisco,PE,2022-02-04 03:32:38,-13.7,-76.2167,69.85,73,0,9.22
189,Keetmanshoop,NA,2022-02-04 03:37:24,-26.5833,18.1333,73.96,42,37,0.98
190,Ulaangom,MN,2022-02-04 03:37:24,49.9811,92.0667,-14.87,91,18,2.06
191,Dauphin,CA,2022-02-04 03:33:25,51.1494,-100.0502,-14.66,76,0,9.22
192,Port Macquarie,AU,2022-02-04 03:37:24,-31.4333,152.9167,75.88,60,55,18.61
193,Verkh-Usugli,RU,2022-02-04 03:37:25,52.7,115.1667,5.29,64,11,2.42
194,Deloraine,AU,2022-02-04 03:37:25,-41.5333,146.6667,74.14,25,2,5.5
195,Khatanga,RU,2022-02-04 03:34:54,71.9667,102.5,-31.99,100,90,4.36
196,Esmeraldas,BR,2022-02-04 03:37:26,-19.7625,-44.3139,71.91,93,91,2.37
197,Waitati,NZ,2022-02-04 03:37:26,-45.75,170.5667,50.95,97,100,3.27
198,Marzuq,YE,2022-02-04 03:37:26,14.4,46.4667,61.02,27,10,2.33
199,Rock Springs,US,2022-02-04 03:37:27,41.5875,-109.2029,14.05,65,0,8.99
200,Sokoni,TZ,2022-02-04 03:37:27,-6.4333,39.55,80.89,80,100,11.97
201,Trairi,BR,2022-02-04 03:37:27,-3.2778,-39.2689,75.69,91,73,5.64
202,Oruro,BO,2022-02-04 03:37:28,-17.9833,-67.15,48.61,76,91,5.82
203,Georgetown,MY,2022-02-04 03:35:16,5.4112,100.3354,87.73,74,20,3.0
204,Palmdale,US,2022-02-04 03:35:45,34.5794,-118.1165,53.04,30,0,4.61
205,Cairns,AU,2022-02-04 03:37:28,-16.9167,145.7667,87.75,66,100,5.75
206,Acarau,BR,2022-02-04 03:37:29,-2.8856,-40.12,77.85,86,64,10.71
207,Kiruna,SE,2022-02-04 03:37:29,67.8557,20.2251,-1.28,85,100,2.3
208,Mednogorskiy,RU,2022-02-04 03:37:29,43.9178,41.1825,32.41,78,100,4.72
209,Auki,SB,2022-02-04 03:37:29,-8.7676,160.7034,75.88,92,100,9.04
210,Leshukonskoye,RU,2022-02-04 03:37:30,64.8989,45.7622,-4.25,100,91,1.81
211,Savannah Bight,HN,2022-02-04 03:37:30,16.45,-85.85,80.01,84,0,26.89
212,The Valley,AI,2022-02-04 03:37:31,18.217,-63.0578,77.09,83,20,5.75
213,Awjilah,LY,2022-02-04 03:37:31,29.1081,21.2869,50.79,60,29,12.57
214,Honningsvag,NO,2022-02-04 03:37:31,70.9821,25.9704,24.85,72,27,23.67
215,Lebyazhye,RU,2022-02-04 03:37:32,55.2689,66.4947,20.59,81,100,15.7
216,Waingapu,ID,2022-02-04 03:37:32,-9.6567,120.2641,87.78,64,53,14.0
217,Gorontalo,ID,2022-02-04 03:35:41,0.5412,123.0595,84.56,70,100,5.95
218,Hobyo,SO,2022-02-04 03:35:17,5.3505,48.5268,75.36,73,65,16.33
219,Rawson,AR,2022-02-04 03:37:33,-43.3002,-65.1023,69.22,59,100,6.91
220,Port Moresby,PG,2022-02-04 03:37:33,-9.4431,147.1797,92.62,55,20,11.5
221,Poddorye,RU,2022-02-04 03:37:33,57.4695,31.1156,1.33,100,99,0.4
222,Tianpeng,CN,2022-02-04 03:37:34,30.9866,103.9393,43.27,63,89,3.27
223,Hamilton,US,2022-02-04 03:37:34,39.1834,-84.5333,24.64,91,100,4.0
224,Ranong,TH,2022-02-04 03:37:34,9.9658,98.6348,87.73,55,18,8.5
225,Maniitsoq,GL,2022-02-04 03:37:35,65.4167,-52.9,12.18,71,100,12.06
226,Muscat,OM,2022-02-04 03:37:35,23.6139,58.5922,60.82,42,2,4.94
227,Quesnel,CA,2022-02-04 03:37:35,52.9999,-122.5029,30.7,86,100,10.36
228,Provideniya,RU,2022-02-04 03:37:36,64.3833,-173.3,1.99,59,6,22.08
229,Yumen,CN,2022-02-04 03:37:36,40.2833,97.2,19.2,28,89,13.89
230,Takoradi,GH,2022-02-04 03:37:36,4.8845,-1.7554,77.74,84,2,5.14
231,Nichlaul,IN,2022-02-04 03:38:37,27.3167,83.7333,60.19,77,99,11.97
232,Raga,SS,2022-02-04 03:38:37,8.4596,25.678,70.81,22,100,4.45
233,Klaksvik,FO,2022-02-04 03:37:59,62.2266,-6.589,36.52,77,97,50.06
234,Luanda,AO,2022-02-04 03:38:38,-8.8368,13.2343,74.75,82,100,7.74
235,Touros,BR,2022-02-04 03:38:38,-5.1989,-35.4608,79.7,75,50,12.93
236,Grand Gaube,MU,2022-02-04 03:37:17,-20.0064,57.6608,81.37,84,100,8.99
237,Arkansas City,US,2022-02-04 03:38:38,37.062,-97.0384,20.16,58,100,16.11
238,Daru,PG,2022-02-04 03:36:08,-9.0763,143.2092,89.19,59,100,10.04
239,Ilovka,RU,2022-02-04 03:38:39,50.7053,38.637,22.91,97,100,6.51
240,Yingcheng,CN,2022-02-04 03:38:39,30.95,113.55,41.05,39,1,4.81
241,Araouane,ML,2022-02-04 03:38:39,18.9048,-3.5265,61.72,13,0,10.92
242,Alihe,CN,2022-02-04 03:38:40,50.5667,123.7167,7.48,50,22,9.86
243,Upernavik,GL,2022-02-04 03:38:40,72.7868,-56.1549,4.84,68,100,5.66
244,Ponta Do Sol,PT,2022-02-04 03:38:40,32.6667,-17.1,67.01,66,19,3.53
245,Kutum,SD,2022-02-04 03:34:12,14.2,24.6667,55.31,19,7,14.36
246,Margate,GB,2022-02-04 03:38:41,51.3813,1.3862,49.96,85,98,22.17
247,La Romana,DO,2022-02-04 03:38:41,18.4273,-68.9728,76.73,100,40,5.75
248,Ancud,CL,2022-02-04 03:38:42,-41.8697,-73.8203,60.22,96,32,3.83
249,Constitucion,CL,2022-02-04 03:38:42,-35.3333,-72.4167,58.3,93,55,5.82
250,Storforshei,NO,2022-02-04 03:38:42,66.4043,14.5233,11.88,91,100,8.41
251,Maniwaki,CA,2022-02-04 03:38:43,46.3834,-75.966,7.18,72,100,10.36
252,Flinders,AU,2022-02-04 03:38:43,-34.5833,150.8552,76.37,58,77,17.27
253,Baykit,RU,2022-02-04 03:35:14,61.67,96.37,14.43,94,100,4.21
254,Tual,ID,2022-02-04 03:38:43,-5.6667,132.75,83.8,73,88,15.28
255,Hauzenberg,DE,2022-02-04 03:38:44,48.65,13.6333,40.26,96,89,2.64
256,Nargana,PA,2022-02-04 03:38:44,9.4428,-78.5906,79.45,82,32,11.07
257,Vila Velha,BR,2022-02-04 03:35:50,-20.3297,-40.2925,75.15,95,40,6.91
258,Zapolyarnyy,RU,2022-02-04 03:38:44,69.4154,30.8136,-2.92,100,100,4.14
259,Alyangula,AU,2022-02-04 03:38:45,-13.8483,136.4192,85.87,74,40,11.5
260,Samarai,PG,2022-02-04 03:38:45,-10.6167,150.6667,83.32,73,91,5.93
261,Sola,VU,2022-02-04 03:38:45,-13.8833,167.55,84.87,84,100,5.75
262,Akdepe,TM,2022-02-04 03:38:46,42.0551,59.3788,35.69,62,100,15.37
263,Grants,US,2022-02-04 03:38:46,35.1473,-107.8514,8.83,72,0,3.44
264,Mehriz,IR,2022-02-04 03:38:46,31.5917,54.4318,37.9,19,0,4.97
265,Buala,SB,2022-02-04 03:38:47,-8.145,159.5921,78.64,88,100,6.22
266,Carnarvon,AU,2022-02-04 03:38:47,-24.8667,113.6333,96.87,36,32,9.22
267,Saint Anthony,US,2022-02-04 03:38:47,45.0205,-93.218,1.33,65,0,0.0
268,Robertson,US,2022-02-04 03:38:48,36.5167,-86.8667,35.58,98,100,12.66
269,San Cristobal,VE,2022-02-04 03:38:09,7.7669,-72.225,73.58,67,84,0.69
270,Vrangel,RU,2022-02-04 03:38:48,42.7297,133.0839,17.15,47,3,16.11
271,Seoul,KR,2022-02-04 03:36:04,37.5683,126.9778,31.51,34,0,10.36
272,Vaniyambadi,IN,2022-02-04 03:38:49,12.6833,78.6167,78.85,53,18,4.0
273,Tsiroanomandidy,MG,2022-02-04 03:38:49,-18.7667,46.0333,69.96,88,94,3.0
274,Vanderhoof,CA,2022-02-04 03:38:49,54.0166,-124.0198,23.83,99,100,1.79
275,Altay,CN,2022-02-04 03:35:39,47.8667,88.1167,9.93,68,5,4.12
276,Oktyabrskiy,RU,2022-02-04 03:38:50,54.4815,53.471,30.7,95,100,12.35
277,Talnakh,RU,2022-02-04 03:38:50,69.4865,88.3972,-13.67,99,78,7.09
278,Maltahohe,NA,2022-02-04 03:38:50,-24.8333,16.9833,70.09,54,10,9.73
279,Iowa City,US,2022-02-04 03:39:29,41.6611,-91.5302,9.19,67,7,1.01
280,Mahibadhoo,MV,2022-02-04 03:39:51,3.7833,72.9667,81.27,70,13,9.53
281,Stege,DK,2022-02-04 03:39:51,54.987,12.2846,44.06,94,100,16.69
282,Taltal,CL,2022-02-04 03:39:51,-25.4,-70.4833,67.01,74,0,3.78
283,Luwuk,ID,2022-02-04 03:39:52,-0.9516,122.7875,88.97,58,99,1.99
284,Ampanihy,MG,2022-02-04 03:39:52,-24.7,44.75,75.88,64,4,6.98
285,Luderitz,NA,2022-02-04 03:39:52,-26.6481,15.1594,68.18,70,2,15.05
286,Mayor Pablo Lagerenza,PY,2022-02-04 03:39:53,-19.9309,-60.7718,82.94,58,0,12.06
287,Tinskoy,RU,2022-02-04 03:39:53,56.1525,96.9161,11.46,82,100,6.51
288,Namanyere,TZ,2022-02-04 03:39:53,-7.5167,31.05,58.64,97,100,2.64
289,Kasongo-Lunda,CD,2022-02-04 03:39:54,-6.4667,16.8167,68.94,98,100,1.83
290,Basco,PH,2022-02-04 03:39:54,20.4487,121.9702,75.58,74,81,18.28
291,Ibimirim,BR,2022-02-04 03:39:54,-8.5406,-37.6903,73.96,72,100,5.61
292,Byron Bay,AU,2022-02-04 03:39:55,-28.65,153.6167,77.11,77,75,23.13
293,Laguna,US,2022-02-04 03:39:55,38.421,-121.4238,53.44,70,0,0.0
294,Lethem,GY,2022-02-04 03:39:55,3.3803,-59.7968,80.6,64,31,13.89
295,Saldanha,ZA,2022-02-04 03:39:56,-33.0117,17.9442,57.25,79,0,19.28
296,Harer,ET,2022-02-04 03:39:56,9.3094,42.1258,55.45,15,37,6.13
297,Vestmannaeyjar,IS,2022-02-04 03:39:56,63.4427,-20.2734,28.06,70,32,32.3
298,Daitari,IN,2022-02-04 03:39:57,21.1,85.75,70.0,75,47,9.78
299,Dicabisagan,PH,2022-02-04 03:39:57,17.0818,122.4157,78.6,75,92,6.4
300,College,US,2022-02-04 03:39:57,64.8569,-147.8028,2.86,54,40,9.22
301,Corowa,AU,2022-02-04 03:39:58,-36.0333,146.3833,80.58,26,1,8.39
302,Pelym,RU,2022-02-04 03:39:58,61.0108,61.9978,3.54,99,95,3.29
303,Chuy,UY,2022-02-04 03:39:58,-33.6971,-53.4616,70.92,95,100,6.29
304,Clifton Springs,AU,2022-02-04 03:39:59,-38.15,144.5667,76.44,46,40,10.36
305,Lerwick,GB,2022-02-04 03:36:07,60.1545,-1.1494,37.4,65,83,34.2
306,Saryozek,KZ,2022-02-04 03:39:59,44.3583,77.9753,24.67,76,70,2.84
307,Labuhan,ID,2022-02-04 03:39:59,-6.8844,112.2051,84.76,70,84,6.38
308,Salmon Arm,CA,2022-02-04 03:40:00,50.6998,-119.3024,28.24,92,99,0.58
309,Luangwa,ZM,2022-02-04 03:40:00,-15.6167,30.4167,72.27,96,98,1.21
310,Hokitika,NZ,2022-02-04 03:40:01,-42.7167,170.9667,63.68,98,100,9.06
311,Ewa Beach,US,2022-02-04 03:40:01,21.3156,-158.0072,80.55,46,0,10.0
312,Oksfjord,NO,2022-02-04 03:40:01,70.2396,22.3479,16.72,93,73,18.43
313,Beloha,MG,2022-02-04 03:40:02,-25.1667,45.05,75.33,80,5,11.52
314,Steamboat Springs,US,2022-02-04 03:40:02,40.485,-106.8317,8.1,67,40,0.0
315,Manokwari,ID,2022-02-04 03:39:24,-0.8667,134.0833,81.43,75,96,4.61
316,Areosa,PT,2022-02-04 03:40:03,41.7178,-8.8571,53.33,72,100,2.68
317,Aykhal,RU,2022-02-04 03:40:03,66.0,111.5,-17.7,100,100,2.59
318,Bathsheba,BB,2022-02-04 03:40:03,13.2167,-59.5167,75.81,73,20,11.5
319,Cuiluan,CN,2022-02-04 03:40:04,47.72,128.648,5.16,68,69,8.25
320,Half Moon Bay,US,2022-02-04 03:40:04,37.4636,-122.4286,56.08,76,20,6.91
321,La Palma,US,2022-02-04 03:40:04,33.8464,-118.0467,62.55,65,0,1.01
322,Eyl,SO,2022-02-04 03:40:04,7.9803,49.8164,70.14,69,1,11.12
323,Koygorodok,RU,2022-02-04 03:40:05,60.445,50.9968,-3.64,100,95,2.17
324,Gunjur,GM,2022-02-04 03:40:05,13.2019,-16.7339,72.09,64,0,4.7
325,Nanortalik,GL,2022-02-04 03:40:06,60.1432,-45.2371,26.35,94,100,15.73
326,Coruripe,BR,2022-02-04 03:41:06,-10.1256,-36.1756,77.54,75,63,8.86
327,Sao Joao Do Piaui,BR,2022-02-04 03:41:07,-8.3581,-42.2467,77.61,51,87,2.19
328,Port Augusta,AU,2022-02-04 03:41:07,-32.5,137.7667,84.7,27,0,11.54
329,Marsh Harbour,BS,2022-02-04 03:41:08,26.5412,-77.0636,73.65,60,23,16.46
330,Kolaras,IN,2022-02-04 03:41:08,25.2333,77.6,60.53,43,0,7.67
331,Olafsvik,IS,2022-02-04 03:41:08,64.8945,-23.7142,27.55,74,93,25.86
332,Miranda,CO,2022-02-04 03:41:09,3.2499,-76.2281,71.73,92,100,3.31
333,Miri,MY,2022-02-04 03:41:09,4.4148,114.0089,86.14,79,40,9.22
334,Broome,US,2022-02-04 03:37:21,42.2506,-75.833,28.67,83,100,3.0
335,Yarada,IN,2022-02-04 03:41:10,17.65,83.2667,73.72,88,40,2.3
336,Santa Isabel Do Rio Negro,BR,2022-02-04 03:41:10,-0.4139,-65.0192,73.29,96,99,1.28
337,Ekhabi,RU,2022-02-04 03:41:10,53.5102,142.9671,4.39,94,100,21.99
338,Axams,AT,2022-02-04 03:41:11,47.2081,11.2869,21.38,100,100,6.91
339,Pedasi,PA,2022-02-04 03:41:11,7.5333,-80.0333,75.07,83,46,13.18
340,Havelock,US,2022-02-04 03:37:51,34.8791,-76.9013,66.02,85,0,8.99
341,Chissamba,AO,2022-02-04 03:41:12,-12.1667,17.3333,62.01,98,100,3.96
342,Ushtobe,KZ,2022-02-04 03:41:13,45.2514,77.9838,21.78,83,83,5.55
343,Asau,RO,2022-02-04 03:41:13,46.4333,26.4,22.12,90,26,6.11
344,Inhambane,MZ,2022-02-04 03:41:13,-23.865,35.3833,77.11,84,4,0.31
345,Suoyarvi,RU,2022-02-04 03:41:14,62.0833,32.35,-5.31,100,95,1.54
346,Alofi,NU,2022-02-04 03:41:14,-19.0595,-169.9187,75.09,94,100,5.75
347,Cocorit,MX,2022-02-04 03:41:14,27.5833,-109.9667,52.12,24,0,5.64
348,Boca Do Acre,BR,2022-02-04 03:41:15,-8.7522,-67.3978,72.7,97,48,2.3
349,Hammerfest,NO,2022-02-04 03:41:15,70.6634,23.6821,16.25,67,75,14.97
350,Banda Aceh,ID,2022-02-04 03:41:16,5.5577,95.3222,85.24,63,52,9.8
351,San Andres,CO,2022-02-04 03:41:16,12.5847,-81.7006,80.62,74,20,9.22
352,Portland,US,2022-02-04 03:38:25,45.5234,-122.6762,45.84,93,20,1.01
353,Hoi An,VN,2022-02-04 03:41:17,15.8794,108.335,73.36,80,100,5.41
354,Almaty,KZ,2022-02-04 03:41:17,43.25,76.95,17.51,93,100,4.47
355,Nagapattinam,IN,2022-02-04 03:41:17,10.7667,79.8333,79.41,60,5,2.55
356,Llanes,ES,2022-02-04 03:41:18,43.4198,-4.7549,55.89,79,92,6.64
357,Chegdomyn,RU,2022-02-04 03:41:18,51.1167,133.0167,-4.07,87,90,2.51
358,Parnamirim,BR,2022-02-04 03:41:19,-5.9156,-35.2628,80.49,83,40,10.36
359,Lagos,NG,2022-02-04 03:40:53,6.5833,3.75,79.12,93,2,2.39
360,Lasa,IT,2022-02-04 03:41:19,46.6166,10.7002,31.3,64,28,3.09
361,Manzil Kamil,TN,2022-02-04 03:41:20,35.6248,10.6673,49.44,76,20,8.05
362,Kawalu,ID,2022-02-04 03:41:20,-7.3817,108.2082,88.75,52,30,2.57
363,Chapais,CA,2022-02-04 03:41:20,49.7834,-74.8492,-27.62,100,40,2.48
364,Bonavista,CA,2022-02-04 03:41:21,48.6499,-53.1147,38.12,92,100,25.21
365,Jiangyou,CN,2022-02-04 03:41:21,31.7667,104.7167,48.49,61,24,3.78
366,Quatre Cocos,MU,2022-02-04 03:41:22,-20.2078,57.7625,81.09,87,99,19.66
367,Porto Santo,PT,2022-02-04 03:41:22,33.072,-16.3415,66.31,94,20,9.22
368,Djibo,BF,2022-02-04 03:41:22,14.1022,-1.6306,65.17,15,3,10.69
369,Shirokiy,RU,2022-02-04 03:41:23,49.758,129.523,-2.13,83,37,8.99
370,Emerald,AU,2022-02-04 03:41:23,-23.5333,148.1667,89.74,45,40,17.27
371,Haveli,PK,2022-02-04 03:42:23,30.4502,73.6989,52.77,80,0,5.28
372,Tigil,RU,2022-02-04 03:42:24,57.8,158.6667,13.86,92,73,2.13
373,Sibu,MY,2022-02-04 03:42:24,2.3,111.8167,80.91,88,40,3.0
374,Sao Filipe,CV,2022-02-04 03:39:18,14.8961,-24.4956,72.36,76,0,7.74
375,Beyneu,KZ,2022-02-04 03:42:25,45.3167,55.2,36.64,70,100,22.08
376,Mitu,CO,2022-02-04 03:42:25,1.1983,-70.1733,70.93,99,69,0.54
377,Madimba,TZ,2022-02-04 03:42:25,-10.4,40.3333,77.45,89,91,7.7
378,Sistranda,NO,2022-02-04 03:40:38,63.7256,8.834,34.9,90,100,21.61
379,Umuarama,BR,2022-02-04 03:42:26,-23.7664,-53.325,71.69,94,100,10.8
380,Annau,TM,2022-02-04 03:42:26,37.8876,58.516,35.1,64,20,2.3
381,Noumea,NC,2022-02-04 03:42:06,-22.2763,166.4572,91.38,93,97,8.5
382,Fort Saint James,CA,2022-02-04 03:42:27,54.4333,-124.25,19.74,98,100,2.15
383,Eston,CA,2022-02-04 03:42:27,51.1501,-108.7514,-9.51,95,86,4.21
384,Carthage,TN,2022-02-04 03:42:28,36.8611,10.3316,57.06,87,20,3.44
385,Prince Rupert,CA,2022-02-04 03:40:12,54.3161,-130.3201,44.69,93,100,13.8
386,Bambanglipuro,ID,2022-02-04 03:39:35,-7.95,110.2833,78.6,69,98,2.21
387,Narsaq,GL,2022-02-04 03:42:28,60.9167,-46.05,25.02,96,100,9.31
388,Santa Barbara,US,2022-02-04 03:39:27,34.7333,-120.0343,49.33,72,0,3.44
389,Kalmthout,BE,2022-02-04 03:42:29,51.3846,4.4742,46.83,87,100,11.5
390,Maceio,BR,2022-02-04 03:42:29,-9.6658,-35.7353,76.44,88,20,2.3
391,Prescott,US,2022-02-04 03:42:30,34.54,-112.4685,30.34,29,0,1.99
392,Wewak,PG,2022-02-04 03:42:30,-3.5534,143.6268,85.77,65,54,11.65
393,Deniliquin,AU,2022-02-04 03:42:30,-35.5333,144.9667,79.0,20,0,8.86
394,Port Hardy,CA,2022-02-04 03:38:24,50.6996,-127.4199,46.76,93,75,13.8
395,Sarkand,KZ,2022-02-04 03:42:31,45.41,79.9186,22.53,77,82,3.49
396,Lieksa,FI,2022-02-04 03:42:31,63.3167,30.0167,-1.55,100,91,2.77
397,Fairbanks,US,2022-02-04 03:39:16,64.8378,-147.7164,0.48,54,0,8.05
398,Camabatela,AO,2022-02-04 03:42:32,-8.1881,15.375,59.77,99,100,0.92
399,Derac,HT,2022-02-04 03:42:32,19.65,-71.8167,71.02,89,12,7.18
400,Nizwa,OM,2022-02-04 03:42:33,22.9333,57.5333,64.18,49,1,0.98
401,Rudnogorsk,RU,2022-02-04 03:42:33,57.2639,103.7519,4.96,92,100,5.21
402,Saint-Joseph,RE,2022-02-04 03:42:33,-21.3667,55.6167,79.16,88,100,27.47
403,Araguaina,BR,2022-02-04 03:42:34,-7.1911,-48.2072,73.44,89,100,3.27
404,Develi,TR,2022-02-04 03:42:34,38.3906,35.4922,31.35,97,100,3.04
405,Ongandjera,NA,2022-02-04 03:42:34,-17.8833,15.0667,69.67,49,45,7.72
406,Coleraine,GB,2022-02-04 03:42:35,55.1333,-6.6667,41.04,72,98,20.47
407,Venancio Aires,BR,2022-02-04 03:42:35,-29.6064,-52.1919,79.83,77,93,7.9
408,Sangar,RU,2022-02-04 03:42:36,63.9242,127.4739,-19.97,94,98,3.91
409,Tessalit,ML,2022-02-04 03:42:36,20.1986,1.0114,55.04,19,0,12.26
410,Saint-Pierre,RE,2022-02-04 03:42:37,-21.3393,55.4781,80.24,84,100,20.04
411,Davila,PH,2022-02-04 03:42:37,18.4726,120.5763,84.18,69,5,24.58
412,Hurfeish,IL,2022-02-04 03:42:37,33.0171,35.3484,49.53,92,95,4.16
413,Kaitangata,NZ,2022-02-04 03:42:38,-46.2817,169.8464,49.35,95,100,2.98
414,Micheweni,TZ,2022-02-04 03:42:38,-4.9667,39.8333,80.19,79,99,9.08
415,Planeta Rica,CO,2022-02-04 03:42:39,8.4147,-75.5883,78.04,90,5,10.98
416,Sao Joao Da Barra,BR,2022-02-04 03:42:39,-21.6403,-41.0511,73.27,98,98,5.57
417,Bardiyah,LY,2022-02-04 03:42:40,31.7561,25.0865,53.26,66,47,28.72
418,Hasaki,JP,2022-02-04 03:42:40,35.7333,140.8333,48.29,58,100,6.87
419,Standerton,ZA,2022-02-04 03:43:40,-26.9337,29.2415,63.61,96,14,10.27
420,Muromtsevo,RU,2022-02-04 03:43:41,56.3724,75.2418,19.15,81,100,12.06
421,Sao Jose Da Coroa Grande,BR,2022-02-04 03:43:41,-8.8978,-35.1478,78.42,75,95,8.19
422,Kayes,ML,2022-02-04 03:43:41,14.0,-11.0,70.79,11,4,3.89
423,Severo-Kurilsk,RU,2022-02-04 03:43:42,50.6789,156.125,30.94,88,100,10.27
424,Am Timan,TD,2022-02-04 03:43:42,11.0297,20.2827,68.09,13,14,9.51
425,Ngara,TZ,2022-02-04 03:43:42,-2.5122,30.6558,53.8,96,100,0.69
426,Rawah,IQ,2022-02-04 03:43:43,34.4816,41.9093,49.17,60,79,6.82
427,Gonc,HU,2022-02-04 03:43:43,48.4667,21.2833,30.58,93,100,5.08
428,Rimini,IT,2022-02-04 03:43:44,44.0241,12.5186,51.49,79,75,1.99
429,Eureka,US,2022-02-04 03:43:44,40.8021,-124.1637,45.79,86,1,1.01
430,Ust-Nera,RU,2022-02-04 03:43:44,64.5667,143.2,-8.57,96,93,3.96
431,Korla,CN,2022-02-04 03:43:45,41.7597,86.1469,27.93,39,100,7.09
432,Culpeper,US,2022-02-04 03:43:45,38.5004,-77.9664,59.61,93,100,0.0
433,Dingle,PH,2022-02-04 03:42:06,10.9995,122.6711,80.22,81,85,14.56
434,Dunedin,NZ,2022-02-04 03:39:58,-45.8742,170.5036,50.72,96,100,5.5
435,Bilibino,RU,2022-02-04 03:43:45,68.0546,166.4372,-5.73,69,0,4.43
436,Kenai,US,2022-02-04 03:43:46,60.5544,-151.2583,25.14,93,100,18.41
437,General Roca,AR,2022-02-04 03:43:46,-39.0333,-67.5833,72.0,44,100,12.84
438,San Quintin,MX,2022-02-04 03:40:34,30.4833,-115.95,56.08,66,0,3.98
439,Tilichiki,RU,2022-02-04 03:43:47,60.4667,166.1,4.64,82,100,9.1
440,Zabaykalsk,RU,2022-02-04 03:43:47,49.6333,117.3167,-5.75,82,13,8.46
441,Pacific Grove,US,2022-02-04 03:43:48,36.6177,-121.9166,55.08,83,0,1.99
442,Kununurra,AU,2022-02-04 03:43:48,-15.7667,128.7333,89.58,70,40,9.22
443,Bousso,TD,2022-02-04 03:43:48,10.4795,16.7117,64.92,17,18,7.34
444,Kontagora,NG,2022-02-04 03:43:49,10.3999,5.4695,68.68,14,0,8.88
445,Rio Grande,BR,2022-02-04 03:43:49,-32.035,-52.0986,70.95,86,100,8.66
446,Komsomolskiy,UZ,2022-02-04 03:43:50,40.4272,71.7189,36.82,80,2,2.3
447,Sept-Iles,CA,2022-02-04 03:43:50,50.2001,-66.3821,3.72,51,75,11.5
448,Limbang,MY,2022-02-04 03:43:50,4.75,115.0,87.91,57,98,5.26
449,Finnsnes,NO,2022-02-04 03:43:51,69.2296,17.9811,19.36,86,100,9.13
450,Paea,PF,2022-02-04 03:43:51,-17.6833,-149.5833,85.71,62,40,4.61
451,Kurchum,KZ,2022-02-04 03:43:51,48.5722,83.6542,-7.44,93,29,0.09
452,Esperance,AU,2022-02-04 03:41:53,-33.8667,121.9,85.84,47,4,11.77
453,Hefei,CN,2022-02-04 03:43:52,31.8639,117.2808,41.02,75,40,2.24
454,Sao Raimundo Nonato,BR,2022-02-04 03:43:52,-9.0153,-42.6994,72.93,62,66,0.47
455,Palanga,LT,2022-02-04 03:43:53,55.9175,21.0686,32.02,93,75,11.5
456,Ust-Ilimsk,RU,2022-02-04 03:43:53,58.0006,102.6619,8.28,93,100,9.17
457,Ostrovnoy,RU,2022-02-04 03:43:54,68.0531,39.5131,8.62,96,100,5.21
458,Andrelandia,BR,2022-02-04 03:43:54,-21.7397,-44.3092,64.94,98,98,1.7
459,Eirunepe,BR,2022-02-04 03:43:55,-6.6603,-69.8736,72.43,98,62,1.63
460,Guiberoua,CI,2022-02-04 03:43:55,6.2392,-6.1727,68.34,99,33,2.15
461,Mitchell,US,2022-02-04 03:43:21,43.7094,-98.0298,9.73,48,0,7.0
462,Lavrentiya,RU,2022-02-04 03:43:56,65.5833,-171.0,1.96,55,0,22.73
463,Dwarka,IN,2022-02-04 03:43:56,22.2394,68.9678,70.27,44,4,4.05
464,Manavalakurichi,IN,2022-02-04 03:43:56,8.1333,77.3,84.29,67,13,4.03
465,Balkanabat,TM,2022-02-04 03:44:57,39.5108,54.3671,50.52,32,2,9.28
466,Arona,ES,2022-02-04 03:44:57,28.0996,-16.681,66.9,54,0,1.14
467,Nouakchott,MR,2022-02-04 03:40:48,18.0858,-15.9785,70.18,26,0,10.65
468,Soyo,AO,2022-02-04 03:44:58,-6.1349,12.3689,76.71,76,96,3.22
469,Asosa,ET,2022-02-04 03:44:58,10.0667,34.5333,66.9,27,39,6.42
470,Hargeysa,SO,2022-02-04 03:42:45,9.56,44.065,55.02,43,9,6.17
471,South Venice,US,2022-02-04 03:44:59,27.0531,-82.4243,69.84,88,20,5.75
472,Denpasar,ID,2022-02-04 03:44:59,-8.65,115.2167,80.26,83,40,9.22
473,Bourail,NC,2022-02-04 03:45:00,-21.5667,165.4833,78.22,90,99,6.06
474,Kavaratti,IN,2022-02-04 03:45:00,10.5669,72.642,79.18,65,5,9.08
475,Salekhard,RU,2022-02-04 03:45:01,66.53,66.6019,-7.96,98,100,1.72
476,Nishihara,JP,2022-02-04 03:45:01,26.1842,127.7558,63.68,92,100,10.36
477,Russell,US,2022-02-04 03:45:01,32.3502,-85.1999,65.43,93,100,9.22
478,Kudahuvadhoo,MV,2022-02-04 03:45:02,2.6708,72.8944,81.28,72,2,10.31
479,Broken Hill,AU,2022-02-04 03:45:02,-31.95,141.4333,73.11,28,0,17.27
480,Coahuayana,MX,2022-02-04 03:45:03,18.7333,-103.6833,67.19,78,26,4.05
481,Gryazovets,RU,2022-02-04 03:45:03,58.88,40.2525,3.81,100,99,2.59
482,Tabas,IR,2022-02-04 03:45:03,33.5959,56.9244,48.25,28,26,2.62
483,Garowe,SO,2022-02-04 03:45:04,8.4054,48.4845,62.82,50,3,6.67
484,Zaysan,KZ,2022-02-04 03:45:04,47.4667,84.8667,0.3,92,67,1.83
485,Watsa,CD,2022-02-04 03:45:05,3.0372,29.5355,66.45,50,100,1.99
486,Ordynskoye,RU,2022-02-04 03:44:29,54.3656,81.8994,6.78,98,94,7.4
487,Nemuro,JP,2022-02-04 03:45:06,43.3236,145.575,25.23,59,43,14.16
488,Ravar,IR,2022-02-04 03:45:06,31.2656,56.8055,49.69,25,0,2.19
489,Hay River,CA,2022-02-04 03:45:06,60.8156,-115.7999,-25.64,75,20,5.75
490,Wattegama,LK,2022-02-04 03:45:07,6.7989,81.4808,79.72,61,2,3.83
491,Riyadh,SA,2022-02-04 03:45:07,24.6877,46.7219,57.34,36,25,4.92
492,Ahipara,NZ,2022-02-04 03:45:08,-35.1667,173.1667,76.42,71,56,14.03
493,Dakoro,NE,2022-02-04 03:45:08,14.5106,6.765,54.43,20,0,16.42
494,Liloy,PH,2022-02-04 03:45:08,8.1144,122.6594,81.09,75,93,11.23
495,Mount Gambier,AU,2022-02-04 03:44:26,-37.8333,140.7667,73.31,38,75,6.91
496,Faya,SA,2022-02-04 03:45:09,18.3851,42.4509,51.91,52,5,3.06
497,Trincomalee,LK,2022-02-04 03:45:10,8.5711,81.2335,77.41,69,3,4.38
498,Luxor,EG,2022-02-04 03:45:10,25.6989,32.6421,46.45,53,0,4.61
499,Gornyye Klyuchi,RU,2022-02-04 03:45:10,45.25,133.5,5.92,81,98,4.97
500,Leh,IN,2022-02-04 03:45:11,34.1667,77.5833,8.89,94,100,1.43
501,Umm Lajj,SA,2022-02-04 03:45:11,25.0213,37.2685,66.76,46,0,18.48
502,Itarema,BR,2022-02-04 03:40:46,-2.9248,-39.9167,77.58,87,79,10.07
503,Pachino,IT,2022-02-04 03:45:12,36.7186,15.0907,39.24,61,3,9.33
504,Moron,AR,2022-02-04 03:45:12,-34.6534,-58.6198,73.96,91,1,5.06
505,Columbus,US,2022-02-04 03:43:39,39.9612,-82.9988,25.14,90,100,1.01
506,Kaseda,JP,2022-02-04 03:46:13,31.4167,130.3167,52.14,53,47,19.82
507,Husavik,IS,2022-02-04 03:46:13,66.0449,-17.3389,22.91,81,100,15.97
508,Steinbach,DE,2022-02-04 03:42:13,50.1667,8.5667,44.6,81,75,12.66
509,Argelia,CO,2022-02-04 03:46:14,2.2556,-77.2488,65.44,99,100,0.09
510,Bandarbeyla,SO,2022-02-04 03:46:14,9.4942,50.8122,73.51,68,4,13.02
511,Hare Bay,CA,2022-02-04 03:46:15,48.8499,-54.0148,38.55,92,100,12.55
512,Manyana,BW,2022-02-04 03:45:47,-23.4,21.7167,66.74,77,14,5.46
513,Evensk,RU,2022-02-04 03:46:15,61.95,159.2333,15.57,46,31,23.58
514,Goderich,CA,2022-02-04 03:46:16,43.7501,-81.7165,14.92,73,100,10.36
515,South Ogden,US,2022-02-04 03:46:16,41.1919,-111.9713,24.73,70,0,1.99
516,Marathon,US,2022-02-04 03:46:16,44.9,-89.7668,-2.67,72,0,3.44
517,Codrington,AU,2022-02-04 03:46:17,-38.2667,141.9667,68.0,59,71,16.15
518,Hecelchakan,MX,2022-02-04 03:46:17,20.1667,-90.1333,77.36,56,2,8.01
519,Areka,ET,2022-02-04 03:46:18,7.0667,37.7,57.76,53,94,5.39
520,Pindiga,NG,2022-02-04 03:46:18,9.9833,10.9333,62.98,19,17,11.83
521,Kuytun,RU,2022-02-04 03:46:19,54.3419,101.5036,3.67,92,81,2.28
522,Yuci,CN,2022-02-04 03:46:19,37.6803,112.7319,28.15,26,0,8.95
523,Road Town,VG,2022-02-04 03:44:53,18.4167,-64.6167,75.99,77,86,18.34
524,Betsiamites,CA,2022-02-04 03:46:20,48.9413,-68.646,10.29,74,100,11.59
525,Pyaozerskiy,RU,2022-02-04 03:46:20,65.8333,31.1667,1.51,99,92,1.72
526,Havre-Saint-Pierre,CA,2022-02-04 03:46:21,50.2334,-63.5986,10.99,61,100,13.8
527,Chardara,KZ,2022-02-04 03:46:21,41.2547,67.9692,40.51,40,4,8.63
528,Vilyuysk,RU,2022-02-04 03:46:22,63.7553,121.6247,-16.24,96,80,4.18
529,Barranca,PE,2022-02-04 03:46:22,-10.75,-77.7667,70.68,80,83,6.91
530,Leningradskiy,RU,2022-02-04 03:44:38,69.3833,178.4167,-10.32,83,3,7.58
531,Huarmey,PE,2022-02-04 03:46:23,-10.0681,-78.1522,71.29,82,24,7.81
532,Teya,RU,2022-02-04 03:44:35,60.3778,92.6267,14.11,92,100,6.58
533,Monchengladbach,DE,2022-02-04 03:46:24,51.2,6.4333,45.84,88,100,9.22
534,Liverpool,GB,2022-02-04 03:46:25,53.4106,-2.9779,41.68,88,100,5.01
535,Teguldet,RU,2022-02-04 03:46:25,57.3064,88.1667,14.76,93,99,7.47
536,Rio Gallegos,AR,2022-02-04 03:46:26,-51.6226,-69.2181,46.45,61,75,10.36
537,Junin,AR,2022-02-04 03:46:26,-34.5838,-60.9433,67.03,90,3,7.31
538,Upata,VE,2022-02-04 03:46:26,8.0086,-62.3989,69.58,89,39,5.14
539,Teluknaga,ID,2022-02-04 03:46:27,-6.0989,106.6381,93.18,79,40,5.99
540,Coquimbo,CL,2022-02-04 03:46:27,-29.9533,-71.3436,64.13,82,20,3.44
541,Porto Velho,BR,2022-02-04 03:46:28,-8.7619,-63.9039,75.25,94,0,1.14
542,Tarakan,ID,2022-02-04 03:46:28,3.3,117.6333,85.5,66,40,8.05
543,Fortuna,US,2022-02-04 03:46:28,40.5982,-124.1573,46.18,91,0,0.0
544,Los Alamos,US,2022-02-04 03:46:29,35.8881,-106.307,13.78,79,0,1.01
545,Piranhas,BR,2022-02-04 03:46:29,-16.4269,-51.8222,72.93,92,86,1.12
546,Lagunas,PE,2022-02-04 03:46:30,-5.2269,-75.6753,73.63,88,99,1.54
547,Shiraoi,JP,2022-02-04 03:46:30,42.55,141.35,30.22,66,90,16.06
548,Constantine,DZ,2022-02-04 03:43:29,36.365,6.6147,36.81,60,0,1.14
549,Praya,CV,2022-02-04 03:43:08,14.9215,-23.5087,70.34,83,0,12.66
550,Sobolevo,RU,2022-02-04 03:46:30,54.4299,31.8996,3.9,100,94,6.55
551,Muskogee,US,2022-02-04 03:46:31,35.5834,-95.3336,21.09,78,100,12.66
552,Kruisfontein,ZA,2022-02-04 03:47:31,-34.0033,24.7314,63.88,75,79,9.17
553,Consett,GB,2022-02-04 03:47:32,54.854,-1.8316,40.42,78,100,12.57
554,Hovd,MN,2022-02-04 03:47:32,48.0056,91.6419,-2.54,76,20,1.59
555,Kaeo,NZ,2022-02-04 03:47:32,-35.1,173.7833,78.33,81,96,9.4
556,Menongue,AO,2022-02-04 03:47:33,-14.6585,17.691,61.18,95,100,3.31
557,Abu Dhabi,AE,2022-02-04 03:42:46,24.4667,54.3667,67.96,78,0,2.3
558,Jimma,ET,2022-02-04 03:47:33,7.6667,36.8333,62.22,56,100,0.74
559,Varkkallai,IN,2022-02-04 03:47:33,8.7341,76.7067,83.98,69,31,7.02
560,Praia Da Vitoria,PT,2022-02-04 03:47:34,38.7333,-27.0667,57.45,82,20,12.12
561,Maloy,NO,2022-02-04 03:47:34,61.9353,5.1136,38.93,94,100,8.01
562,Uyuni,BO,2022-02-04 03:47:35,-20.4597,-66.825,50.45,47,19,10.96
563,Poltavka,RU,2022-02-04 03:47:35,54.3663,71.7632,15.33,83,100,9.73
564,Bennington,US,2022-02-04 03:45:20,42.8781,-73.1968,39.61,95,100,6.91
565,Necochea,AR,2022-02-04 03:47:35,-38.5473,-58.7368,65.03,95,78,7.16
